ProductCode;Category
PROD000001;Electronics
PROD000002;Clothing
PROD000003;Books
PROD000004;Home
PROD000005;Sports
PROD000006;Electronics
PROD000007;Clothing
PROD000008;Books
PROD000009;Home
PROD000010;Sports
PROD000011;Electronics
PROD000012;Clothing
PROD000013;Books
PROD000014;Home
PROD000015;Sports
PROD000016;Electronics
PROD000017;Clothing
PROD000018;Books
PROD000019;Home
PROD000020;Sports
PROD000021;Electronics
PROD000022;Clothing
PROD000023;Books
PROD000024;Home
PROD000025;Sports
PROD000026;Electronics
PROD000027;Clothing
PROD000028;Books
PROD000029;Home
PROD000030;Sports
PROD000031;Electronics
PROD000032;Clothing
PROD000033;Books
PROD000034;Home
PROD000035;Sports
PROD000036;Electronics
PROD000037;Clothing
PROD000038;Books
PROD000039;Home
PROD000040;Sports
PROD000041;Electronics
PROD000042;Clothing
PROD000043;Books
PROD000044;Home
PROD000045;Sports
PROD000046;Electronics
PROD000047;Clothing
PROD000048;Books
PROD000049;Home
PROD000050;Sports
PROD000051;Electronics
PROD000052;Clothing
PROD000053;Books
PROD000054;Home
PROD000055;Sports
PROD000056;Electronics
PROD000057;Clothing
PROD000058;Books
PROD000059;Home
PROD000060;Sports
PROD000061;Electronics
PROD000062;Clothing
PROD000063;Books
PROD000064;Home
PROD000065;Sports
PROD000066;Electronics
PROD000067;Clothing
PROD000068;Books
PROD000069;Home
PROD000070;Sports
PROD000071;Electronics
PROD000072;Clothing
PROD000073;Books
PROD000074;Home
PROD000075;Sports
PROD000076;Electronics
PROD000077;Clothing
PROD000078;Books
PROD000079;Home
PROD000080;Sports
PROD000081;Electronics
PROD000082;Clothing
PROD000083;Books
PROD000084;Home
PROD000085;Sports
PROD000086;Electronics
PROD000087;Clothing
PROD000088;Books
PROD000089;Home
PROD000090;Sports
PROD000091;Electronics
PROD000092;Clothing
PROD000093;Books
PROD000094;Home
PROD000095;Sports
PROD000096;Electronics
PROD000097;Clothing
PROD000098;Books
PROD000099;Home
PROD000100;Sports
PROD000101;Electronics
PROD000102;Clothing
PROD000103;Books
PROD000104;Home
PROD000105;Sports
PROD000106;Electronics
PROD000107;Clothing
PROD000108;Books
PROD000109;Home
PROD000110;Sports
PROD000111;Electronics
PROD000112;Clothing
PROD000113;Books
PROD000114;Home
PROD000115;Sports
PROD000116;Electronics
PROD000117;Clothing
PROD000118;Books
PROD000119;Home
PROD000120;Sports
PROD000121;Electronics
PROD000122;Clothing
PROD000123;Books
PROD000124;Home
PROD000125;Sports
PROD000126;Electronics
PROD000127;Clothing
PROD000128;Books
PROD000129;Home
PROD000130;Sports
PROD000131;Electronics
PROD000132;Clothing
PROD000133;Books
PROD000134;Home
PROD000135;Sports
PROD000136;Electronics
PROD000137;Clothing
PROD000138;Books
PROD000139;Home
PROD000140;Sports
PROD000141;Electronics
PROD000142;Clothing
PROD000143;Books
PROD000144;Home
PROD000145;Sports
PROD000146;Electronics
PROD000147;Clothing
PROD000148;Books
PROD000149;Home
PROD000150;Sports
PROD000151;Electronics
PROD000152;Clothing
PROD000153;Books
PROD000154;Home
PROD000155;Sports
PROD000156;Electronics
PROD000157;Clothing
PROD000158;Books
PROD000159;Home
PROD000160;Sports
PROD000161;Electronics
PROD000162;Clothing
PROD000163;Books
PROD000164;Home
PROD000165;Sports
PROD000166;Electronics
PROD000167;Clothing
PROD000168;Books
PROD000169;Home
PROD000170;Sports
PROD000171;Electronics
PROD000172;Clothing
PROD000173;Books
PROD000174;Home
PROD000175;Sports
PROD000176;Electronics
PROD000177;Clothing
PROD000178;Books
PROD000179;Home
PROD000180;Sports
PROD000181;Electronics
PROD000182;Clothing
PROD000183;Books
PROD000184;Home
PROD000185;Sports
PROD000186;Electronics
PROD000187;Clothing
PROD000188;Books
PROD000189;Home
PROD000190;Sports
PROD000191;Electronics
PROD000192;Clothing
PROD000193;Books
PROD000194;Home
PROD000195;Sports
PROD000196;Electronics
PROD000197;Clothing
PROD000198;Books
PROD000199;Home
PROD000200;Sports
PROD000201;Electronics
PROD000202;Clothing
PROD000203;Books
PROD000204;Home
PROD000205;Sports
PROD000206;Electronics
PROD000207;Clothing
PROD000208;Books
PROD000209;Home
PROD000210;Sports
PROD000211;Electronics
PROD000212;Clothing
PROD000213;Books
PROD000214;Home
PROD000215;Sports
PROD000216;Electronics
PROD000217;Clothing
PROD000218;Books
PROD000219;Home
PROD000220;Sports
PROD000221;Electronics
PROD000222;Clothing
PROD000223;Books
PROD000224;Home
PROD000225;Sports
PROD000226;Electronics
PROD000227;Clothing
PROD000228;Books
PROD000229;Home
PROD000230;Sports
PROD000231;Electronics
PROD000232;Clothing
PROD000233;Books
PROD000234;Home
PROD000235;Sports
PROD000236;Electronics
PROD000237;Clothing
PROD000238;Books
PROD000239;Home
PROD000240;Sports
PROD000241;Electronics
PROD000242;Clothing
PROD000243;Books
PROD000244;Home
PROD000245;Sports
PROD000246;Electronics
PROD000247;Clothing
PROD000248;Books
PROD000249;Home
PROD000250;Sports
PROD000251;Electronics
PROD000252;Clothing
PROD000253;Books
PROD000254;Home
PROD000255;Sports
PROD000256;Electronics
PROD000257;Clothing
PROD000258;Books
PROD000259;Home
PROD000260;Sports
PROD000261;Electronics
PROD000262;Clothing
PROD000263;Books
PROD000264;Home
PROD000265;Sports
PROD000266;Electronics
PROD000267;Clothing
PROD000268;Books
PROD000269;Home
PROD000270;Sports
PROD000271;Electronics
PROD000272;Clothing
PROD000273;Books
PROD000274;Home
PROD000275;Sports
PROD000276;Electronics
PROD000277;Clothing
PROD000278;Books
PROD000279;Home
PROD000280;Sports
PROD000281;Electronics
PROD000282;Clothing
PROD000283;Books
PROD000284;Home
PROD000285;Sports
PROD000286;Electronics
PROD000287;Clothing
PROD000288;Books
PROD000289;Home
PROD000290;Sports
PROD000291;Electronics
PROD000292;Clothing
PROD000293;Books
PROD000294;Home
PROD000295;Sports
PROD000296;Electronics
PROD000297;Clothing
PROD000298;Books
PROD000299;Home
PROD000300;Sports
PROD000301;Electronics
PROD000302;Clothing
PROD000303;Books
PROD000304;Home
PROD000305;Sports
PROD000306;Electronics
PROD000307;Clothing
PROD000308;Books
PROD000309;Home
PROD000310;Sports
PROD000311;Electronics
PROD000312;Clothing
PROD000313;Books
PROD000314;Home
PROD000315;Sports
PROD000316;Electronics
PROD000317;Clothing
PROD000318;Books
PROD000319;Home
PROD000320;Sports
PROD000321;Electronics
PROD000322;Clothing
PROD000323;Books
PROD000324;Home
PROD000325;Sports
PROD000326;Electronics
PROD000327;Clothing
PROD000328;Books
PROD000329;Home
PROD000330;Sports
PROD000331;Electronics
PROD000332;Clothing
PROD000333;Books
PROD000334;Home
PROD000335;Sports
PROD000336;Electronics
PROD000337;Clothing
PROD000338;Books
PROD000339;Home
PROD000340;Sports
PROD000341;Electronics
PROD000342;Clothing
PROD000343;Books
PROD000344;Home
PROD000345;Sports
PROD000346;Electronics
PROD000347;Clothing
PROD000348;Books
PROD000349;Home
PROD000350;Sports
PROD000351;Electronics
PROD000352;Clothing
PROD000353;Books
PROD000354;Home
PROD000355;Sports
PROD000356;Electronics
PROD000357;Clothing
PROD000358;Books
PROD000359;Home
PROD000360;Sports
PROD000361;Electronics
PROD000362;Clothing
PROD000363;Books
PROD000364;Home
PROD000365;Sports
PROD000366;Electronics
PROD000367;Clothing
PROD000368;Books
PROD000369;Home
PROD000370;Sports
PROD000371;Electronics
PROD000372;Clothing
PROD000373;Books
PROD000374;Home
PROD000375;Sports
PROD000376;Electronics
PROD000377;Clothing
PROD000378;Books
PROD000379;Home
PROD000380;Sports
PROD000381;Electronics
PROD000382;Clothing
PROD000383;Books
PROD000384;Home
PROD000385;Sports
PROD000386;Electronics
PROD000387;Clothing
PROD000388;Books
PROD000389;Home
PROD000390;Sports
PROD000391;Electronics
PROD000392;Clothing
PROD000393;Books
PROD000394;Home
PROD000395;Sports
PROD000396;Electronics
PROD000397;Clothing
PROD000398;Books
PROD000399;Home
PROD000400;Sports
PROD000401;Electronics
PROD000402;Clothing
PROD000403;Books
PROD000404;Home
PROD000405;Sports
PROD000406;Electronics
PROD000407;Clothing
PROD000408;Books
PROD000409;Home
PROD000410;Sports
PROD000411;Electronics
PROD000412;Clothing
PROD000413;Books
PROD000414;Home
PROD000415;Sports
PROD000416;Electronics
PROD000417;Clothing
PROD000418;Books
PROD000419;Home
PROD000420;Sports
PROD000421;Electronics
PROD000422;Clothing
PROD000423;Books
PROD000424;Home
PROD000425;Sports
PROD000426;Electronics
PROD000427;Clothing
PROD000428;Books
PROD000429;Home
PROD000430;Sports
PROD000431;Electronics
PROD000432;Clothing
PROD000433;Books
PROD000434;Home
PROD000435;Sports
PROD000436;Electronics
PROD000437;Clothing
PROD000438;Books
PROD000439;Home
PROD000440;Sports
PROD000441;Electronics
PROD000442;Clothing
PROD000443;Books
PROD000444;Home
PROD000445;Sports
PROD000446;Electronics
PROD000447;Clothing
PROD000448;Books
PROD000449;Home
PROD000450;Sports
PROD000451;Electronics
PROD000452;Clothing
PROD000453;Books
PROD000454;Home
PROD000455;Sports
PROD000456;Electronics
PROD000457;Clothing
PROD000458;Books
PROD000459;Home
PROD000460;Sports
PROD000461;Electronics
PROD000462;Clothing
PROD000463;Books
PROD000464;Home
PROD000465;Sports
PROD000466;Electronics
PROD000467;Clothing
PROD000468;Books
PROD000469;Home
PROD000470;Sports
PROD000471;Electronics
PROD000472;Clothing
PROD000473;Books
PROD000474;Home
PROD000475;Sports
PROD000476;Electronics
PROD000477;Clothing
PROD000478;Books
PROD000479;Home
PROD000480;Sports
PROD000481;Electronics
PROD000482;Clothing
PROD000483;Books
PROD000484;Home
PROD000485;Sports
PROD000486;Electronics
PROD000487;Clothing
PROD000488;Books
PROD000489;Home
PROD000490;Sports
PROD000491;Electronics
PROD000492;Clothing
PROD000493;Books
PROD000494;Home
PROD000495;Sports
PROD000496;Electronics
PROD000497;Clothing
PROD000498;Books
PROD000499;Home
PROD000500;Sports
PROD000501;Electronics
PROD000502;Clothing
PROD000503;Books
PROD000504;Home
PROD000505;Sports
PROD000506;Electronics
PROD000507;Clothing
PROD000508;Books
PROD000509;Home
PROD000510;Sports
PROD000511;Electronics
PROD000512;Clothing
PROD000513;Books
PROD000514;Home
PROD000515;Sports
PROD000516;Electronics
PROD000517;Clothing
PROD000518;Books
PROD000519;Home
PROD000520;Sports
PROD000521;Electronics
PROD000522;Clothing
PROD000523;Books
PROD000524;Home
PROD000525;Sports
PROD000526;Electronics
PROD000527;Clothing
PROD000528;Books
PROD000529;Home
PROD000530;Sports
PROD000531;Electronics
PROD000532;Clothing
PROD000533;Books
PROD000534;Home
PROD000535;Sports
PROD000536;Electronics
PROD000537;Clothing
PROD000538;Books
PROD000539;Home
PROD000540;Sports
PROD000541;Electronics
PROD000542;Clothing
PROD000543;Books
PROD000544;Home
PROD000545;Sports
PROD000546;Electronics
PROD000547;Clothing
PROD000548;Books
PROD000549;Home
PROD000550;Sports
PROD000551;Electronics
PROD000552;Clothing
PROD000553;Books
PROD000554;Home
PROD000555;Sports
PROD000556;Electronics
PROD000557;Clothing
PROD000558;Books
PROD000559;Home
PROD000560;Sports
PROD000561;Electronics
PROD000562;Clothing
PROD000563;Books
PROD000564;Home
PROD000565;Sports
PROD000566;Electronics
PROD000567;Clothing
PROD000568;Books
PROD000569;Home
PROD000570;Sports
PROD000571;Electronics
PROD000572;Clothing
PROD000573;Books
PROD000574;Home
PROD000575;Sports
PROD000576;Electronics
PROD000577;Clothing
PROD000578;Books
PROD000579;Home
PROD000580;Sports
PROD000581;Electronics
PROD000582;Clothing
PROD000583;Books
PROD000584;Home
PROD000585;Sports
PROD000586;Electronics
PROD000587;Clothing
PROD000588;Books
PROD000589;Home
PROD000590;Sports
PROD000591;Electronics
PROD000592;Clothing
PROD000593;Books
PROD000594;Home
PROD000595;Sports
PROD000596;Electronics
PROD000597;Clothing
PROD000598;Books
PROD000599;Home
PROD000600;Sports
PROD000601;Electronics
PROD000602;Clothing
PROD000603;Books
PROD000604;Home
PROD000605;Sports
PROD000606;Electronics
PROD000607;Clothing
PROD000608;Books
PROD000609;Home
PROD000610;Sports
PROD000611;Electronics
PROD000612;Clothing
PROD000613;Books
PROD000614;Home
PROD000615;Sports
PROD000616;Electronics
PROD000617;Clothing
PROD000618;Books
PROD000619;Home
PROD000620;Sports
PROD000621;Electronics
PROD000622;Clothing
PROD000623;Books
PROD000624;Home
PROD000625;Sports
PROD000626;Electronics
PROD000627;Clothing
PROD000628;Books
PROD000629;Home
PROD000630;Sports
PROD000631;Electronics
PROD000632;Clothing
PROD000633;Books
PROD000634;Home
PROD000635;Sports
PROD000636;Electronics
PROD000637;Clothing
PROD000638;Books
PROD000639;Home
PROD000640;Sports
PROD000641;Electronics
PROD000642;Clothing
PROD000643;Books
PROD000644;Home
PROD000645;Sports
PROD000646;Electronics
PROD000647;Clothing
PROD000648;Books
PROD000649;Home
PROD000650;Sports
PROD000651;Electronics
PROD000652;Clothing
PROD000653;Books
PROD000654;Home
PROD000655;Sports
PROD000656;Electronics
PROD000657;Clothing
PROD000658;Books
PROD000659;Home
PROD000660;Sports
PROD000661;Electronics
PROD000662;Clothing
PROD000663;Books
PROD000664;Home
PROD000665;Sports
PROD000666;Electronics
PROD000667;Clothing
PROD000668;Books
PROD000669;Home
PROD000670;Sports
PROD000671;Electronics
PROD000672;Clothing
PROD000673;Books
PROD000674;Home
PROD000675;Sports
PROD000676;Electronics
PROD000677;Clothing
PROD000678;Books
PROD000679;Home
PROD000680;Sports
PROD000681;Electronics
PROD000682;Clothing
PROD000683;Books
PROD000684;Home
PROD000685;Sports
PROD000686;Electronics
PROD000687;Clothing
PROD000688;Books
PROD000689;Home
PROD000690;Sports
PROD000691;Electronics
PROD000692;Clothing
PROD000693;Books
PROD000694;Home
PROD000695;Sports
PROD000696;Electronics
PROD000697;Clothing
PROD000698;Books
PROD000699;Home
PROD000700;Sports
PROD000701;Electronics
PROD000702;Clothing
PROD000703;Books
PROD000704;Home
PROD000705;Sports
PROD000706;Electronics
PROD000707;Clothing
PROD000708;Books
PROD000709;Home
PROD000710;Sports
PROD000711;Electronics
PROD000712;Clothing
PROD000713;Books
PROD000714;Home
PROD000715;Sports
PROD000716;Electronics
PROD000717;Clothing
PROD000718;Books
PROD000719;Home
PROD000720;Sports
PROD000721;Electronics
PROD000722;Clothing
PROD000723;Books
PROD000724;Home
PROD000725;Sports
PROD000726;Electronics
PROD000727;Clothing
PROD000728;Books
PROD000729;Home
PROD000730;Sports
PROD000731;Electronics
PROD000732;Clothing
PROD000733;Books
PROD000734;Home
PROD000735;Sports
PROD000736;Electronics
PROD000737;Clothing
PROD000738;Books
PROD000739;Home
PROD000740;Sports
PROD000741;Electronics
PROD000742;Clothing
PROD000743;Books
PROD000744;Home
PROD000745;Sports
PROD000746;Electronics
PROD000747;Clothing
PROD000748;Books
PROD000749;Home
PROD000750;Sports
PROD000751;Electronics
PROD000752;Clothing
PROD000753;Books
PROD000754;Home
PROD000755;Sports
PROD000756;Electronics
PROD000757;Clothing
PROD000758;Books
PROD000759;Home
PROD000760;Sports
PROD000761;Electronics
PROD000762;Clothing
PROD000763;Books
PROD000764;Home
PROD000765;Sports
PROD000766;Electronics
PROD000767;Clothing
PROD000768;Books
PROD000769;Home
PROD000770;Sports
PROD000771;Electronics
PROD000772;Clothing
PROD000773;Books
PROD000774;Home
PROD000775;Sports
PROD000776;Electronics
PROD000777;Clothing
PROD000778;Books
PROD000779;Home
PROD000780;Sports
PROD000781;Electronics
PROD000782;Clothing
PROD000783;Books
PROD000784;Home
PROD000785;Sports
PROD000786;Electronics
PROD000787;Clothing
PROD000788;Books
PROD000789;Home
PROD000790;Sports
PROD000791;Electronics
PROD000792;Clothing
PROD000793;Books
PROD000794;Home
PROD000795;Sports
PROD000796;Electronics
PROD000797;Clothing
PROD000798;Books
PROD000799;Home
PROD000800;Sports
PROD000801;Electronics
PROD000802;Clothing
PROD000803;Books
PROD000804;Home
PROD000805;Sports
PROD000806;Electronics
PROD000807;Clothing
PROD000808;Books
PROD000809;Home
PROD000810;Sports
PROD000811;Electronics
PROD000812;Clothing
PROD000813;Books
PROD000814;Home
PROD000815;Sports
PROD000816;Electronics
PROD000817;Clothing
PROD000818;Books
PROD000819;Home
PROD000820;Sports
PROD000821;Electronics
PROD000822;Clothing
PROD000823;Books
PROD000824;Home
PROD000825;Sports
PROD000826;Electronics
PROD000827;Clothing
PROD000828;Books
PROD000829;Home
PROD000830;Sports
PROD000831;Electronics
PROD000832;Clothing
PROD000833;Books
PROD000834;Home
PROD000835;Sports
PROD000836;Electronics
PROD000837;Clothing
PROD000838;Books
PROD000839;Home
PROD000840;Sports
PROD000841;Electronics
PROD000842;Clothing
PROD000843;Books
PROD000844;Home
PROD000845;Sports
PROD000846;Electronics
PROD000847;Clothing
PROD000848;Books
PROD000849;Home
PROD000850;Sports
PROD000851;Electronics
PROD000852;Clothing
PROD000853;Books
PROD000854;Home
PROD000855;Sports
PROD000856;Electronics
PROD000857;Clothing
PROD000858;Books
PROD000859;Home
PROD000860;Sports
PROD000861;Electronics
PROD000862;Clothing
PROD000863;Books
PROD000864;Home
PROD000865;Sports
PROD000866;Electronics
PROD000867;Clothing
PROD000868;Books
PROD000869;Home
PROD000870;Sports
PROD000871;Electronics
PROD000872;Clothing
PROD000873;Books
PROD000874;Home
PROD000875;Sports
PROD000876;Electronics
PROD000877;Clothing
PROD000878;Books
PROD000879;Home
PROD000880;Sports
PROD000881;Electronics
PROD000882;Clothing
PROD000883;Books
PROD000884;Home
PROD000885;Sports
PROD000886;Electronics
PROD000887;Clothing
PROD000888;Books
PROD000889;Home
PROD000890;Sports
PROD000891;Electronics
PROD000892;Clothing
PROD000893;Books
PROD000894;Home
PROD000895;Sports
PROD000896;Electronics
PROD000897;Clothing
PROD000898;Books
PROD000899;Home
PROD000900;Sports
PROD000901;Electronics
PROD000902;Clothing
PROD000903;Books
PROD000904;Home
PROD000905;Sports
PROD000906;Electronics
PROD000907;Clothing
PROD000908;Books
PROD000909;Home
PROD000910;Sports
PROD000911;Electronics
PROD000912;Clothing
PROD000913;Books
PROD000914;Home
PROD000915;Sports
PROD000916;Electronics
PROD000917;Clothing
PROD000918;Books
PROD000919;Home
PROD000920;Sports
PROD000921;Electronics
PROD000922;Clothing
PROD000923;Books
PROD000924;Home
PROD000925;Sports
PROD000926;Electronics
PROD000927;Clothing
PROD000928;Books
PROD000929;Home
PROD000930;Sports
PROD000931;Electronics
PROD000932;Clothing
PROD000933;Books
PROD000934;Home
PROD000935;Sports
PROD000936;Electronics
PROD000937;Clothing
PROD000938;Books
PROD000939;Home
PROD000940;Sports
PROD000941;Electronics
PROD000942;Clothing
PROD000943;Books
PROD000944;Home
PROD000945;Sports
PROD000946;Electronics
PROD000947;Clothing
PROD000948;Books
PROD000949;Home
PROD000950;Sports
PROD000951;Electronics
PROD000952;Clothing
PROD000953;Books
PROD000954;Home
PROD000955;Sports
PROD000956;Electronics
PROD000957;Clothing
PROD000958;Books
PROD000959;Home
PROD000960;Sports
PROD000961;Electronics
PROD000962;Clothing
PROD000963;Books
PROD000964;Home
PROD000965;Sports
PROD000966;Electronics
PROD000967;Clothing
PROD000968;Books
PROD000969;Home
PROD000970;Sports
PROD000971;Electronics
PROD000972;Clothing
PROD000973;Books
PROD000974;Home
PROD000975;Sports
PROD000976;Electronics
PROD000977;Clothing
PROD000978;Books
PROD000979;Home
PROD000980;Sports
PROD000981;Electronics
PROD000982;Clothing
PROD000983;Books
PROD000984;Home
PROD000985;Sports
PROD000986;Electronics
PROD000987;Clothing
PROD000988;Books
PROD000989;Home
PROD000990;Sports
PROD000991;Electronics
PROD000992;Clothing
PROD000993;Books
PROD000994;Home
PROD000995;Sports
PROD000996;Electronics
PROD000997;Clothing
PROD000998;Books
PROD000999;Home
PROD001000;Sports
